distance,angle,under_pressure,follows_dribble,one_on_one,first_time,defenders_between,Corner,Free Kick,Open Play,Penalty,Backheel,Diving Header,Half Volley,Lob,Normal,Overhead Kick,Volley,Head,Other,preferred_foot,not_preferred_foot,goal
18.221415971323417,0.2016865114612029,0,0,0,0,2,0,0,1,0,0,0,0,0,1,0,0,0,0,1,0,0
14.724808997063429,0.3737852975220178,0,0,0,1,1,0,0,1,0,0,0,0,0,1,0,0,0,0,0,1,0
11.610340218959994,0.4396032787824611,0,0,0,0,1,0,0,1,0,0,1,0,0,0,0,0,1,0,0,0,0
20.382345301755635,0.2461602724308527,0,0,0,0,1,0,0,1,0,0,0,0,0,1,0,0,0,0,1,0,0
22.05130381632796,0.2988297532737554,0,0,0,0,2,0,0,1,0,0,0,0,0,1,0,0,0,0,1,0,0
14.9465715132267,0.470745110383023,0,0,0,0,1,0,0,1,0,0,0,0,0,1,0,0,0,0,0,1,0
33.36240399012038,0.2079644961660072,0,0,0,0,2,0,1,0,0,0,0,0,0,1,0,0,0,0,1,0,0
57.79152186956145,0.0945601887325023,1,0,0,0,1,0,0,1,0,0,0,0,1,0,0,0,0,0,1,0,0
25.11911622649173,0.2147296062574543,0,0,0,0,2,0,0,1,0,0,0,0,0,1,0,0,0,0,1,0,0
19.12694434560837,0.3758559089178784,0,0,0,1,2,0,0,1,0,0,0,0,0,1,0,0,0,0,1,0,0
18.58009687811127,0.3175674844934082,0,0,0,0,2,0,0,1,0,0,0,0,0,1,0,0,0,0,1,0,0
18.391846019364127,0.232319180196442,0,0,0,0,1,0,0,1,0,0,0,0,0,1,0,0,0,0,1,0,0
18.25376673456742,0.3947169596534581,0,0,0,1,2,0,0,1,0,0,0,0,0,1,0,0,0,0,1,0,0
17.399425277864786,0.3780795222765419,0,0,0,1,2,0,0,1,0,0,0,1,0,0,0,0,0,0,0,1,0
17.44276354251241,0.3719360013216298,0,0,0,1,1,0,0,1,0,0,0,1,0,0,0,0,0,0,1,0,0
17.94017837146555,0.3292880688891258,0,0,0,1,1,0,0,1,0,0,0,0,0,1,0,0,0,0,1,0,0
32.62713594540593,0.2179350174374569,0,0,0,0,2,0,1,0,0,0,0,0,0,1,0,0,0,0,1,0,0
16.316862443496913,0.433784721301678,0,0,0,1,1,0,0,1,0,0,0,0,0,1,0,0,0,0,1,0,0
19.98124120268808,0.3392190830168849,0,0,0,0,3,0,0,1,0,0,0,0,0,1,0,0,0,0,1,0,0
15.572411502397436,0.4018212169266006,0,0,1,0,1,0,0,1,0,0,0,0,0,1,0,0,0,0,0,1,0
18.380696395947577,0.3543795721197494,0,0,0,0,1,0,0,1,0,0,0,0,0,1,0,0,0,0,1,0,0
16.546298679765215,0.317767636888241,0,0,0,1,1,0,0,1,0,0,0,1,0,0,0,0,0,0,0,1,0
33.52163480500317,0.214853028043239,0,0,0,0,4,0,1,0,0,0,0,0,0,1,0,0,0,0,1,0,0
22.98368986912241,0.3121862585369683,0,0,0,0,2,0,0,1,0,0,0,0,0,1,0,0,0,0,1,0,0
21.3431487836261,0.3301659258673416,0,0,0,0,1,0,0,1,0,0,0,0,0,1,0,0,0,0,1,0,0
11.53776408148477,0.3729828088679262,0,0,0,1,4,0,0,1,0,0,0,1,0,0,0,0,0,0,1,0,0
17.54223474931287,0.2507656229982727,0,0,0,1,2,0,0,1,0,0,0,1,0,0,0,0,0,0,0,1,0
20.877739341221787,0.3458941876603454,0,0,0,0,1,0,0,1,0,0,0,0,0,1,0,0,0,0,1,0,0
19.448650338776723,0.221032053171659,0,0,0,1,1,0,0,1,0,0,0,0,1,0,0,0,0,0,1,0,0
18.292348127017487,0.3676185260076602,1,0,0,0,1,0,0,1,0,0,0,1,0,0,0,0,0,0,1,0,0
15.231546211727816,0.4383710161830754,0,0,0,1,1,0,0,1,0,0,0,0,0,1,0,0,0,0,0,1,0
13.600367642089678,0.294126503788684,0,0,0,0,1,0,0,1,0,0,0,0,0,1,0,0,0,0,0,1,0
15.608331108738057,0.4161405989005314,0,0,1,0,1,0,0,1,0,0,0,0,0,1,0,0,0,0,0,1,0
15.720050890502865,0.3758586646107256,0,0,0,0,2,0,0,1,0,0,0,0,0,1,0,0,0,0,1,0,0
14.84082207965583,0.2758788611888449,1,0,0,0,2,0,0,1,0,0,0,1,0,0,0,0,0,0,0,1,0
13.017296186228537,0.2214593557402874,0,0,1,0,1,0,0,1,0,0,0,0,0,1,0,0,0,0,0,1,0
31.2488399784696,0.2277917812264988,0,0,0,0,3,0,1,0,0,0,0,0,0,1,0,0,0,0,1,0,0
19.335201059208043,0.3196630722787004,0,0,0,1,2,0,0,1,0,0,0,1,0,0,0,0,0,0,1,0,0
19.884164553734717,0.2387301233135506,0,0,0,1,1,0,0,1,0,0,0,0,0,0,0,1,0,0,1,0,0
19.39922678871505,0.3266966296591888,0,0,0,0,2,0,0,1,0,0,0,0,0,1,0,0,0,0,1,0,0
15.02963738750872,0.4296173379771167,0,0,0,0,1,0,0,1,0,0,0,0,0,1,0,0,0,0,0,1,0
10.999999999999998,0.5394168613625087,0,0,0,1,2,0,0,1,0,0,0,0,0,1,0,0,0,0,1,0,0
26.15530538915576,0.2346128374363111,0,0,0,0,4,0,1,0,0,0,0,0,0,1,0,0,0,0,1,0,0
11.7630778285277,0.2902794777659529,1,0,0,1,1,0,0,1,0,0,0,0,0,1,0,0,0,0,1,0,0
16.945205811674285,0.2737252384718222,0,0,0,0,2,0,0,1,0,0,0,0,0,1,0,0,0,0,1,0,0
21.93171219946131,0.2454192082231454,0,0,0,0,1,0,0,1,0,0,0,0,0,1,0,0,0,0,1,0,0
21.213203435596427,0.2463769896529457,0,0,0,1,1,0,0,1,0,0,0,0,0,1,0,0,0,0,1,0,0
17.69180601295413,0.2851943209874138,0,0,0,1,1,0,0,1,0,0,0,0,0,1,0,0,0,0,1,0,0
17.88854381999832,0.1887223944971257,0,0,0,1,2,0,0,1,0,0,0,1,0,0,0,0,0,0,1,0,0
14.7648230602334,0.4353338380602104,1,0,0,0,2,0,0,1,0,0,0,1,0,0,0,0,0,0,0,1,0
17.007351351694943,0.4149200414877104,0,0,0,1,3,0,0,1,0,0,0,1,0,0,0,0,0,0,1,0,0
12.845621822239671,0.3431409267715393,0,0,0,0,1,0,0,1,0,0,0,1,0,0,0,0,0,0,1,0,0
9.144397191723463,0.2154991988265651,0,0,0,0,1,0,0,1,0,0,0,0,0,1,0,0,0,0,1,0,0
11.741379816699563,0.4445713925800133,0,0,0,1,3,0,0,1,0,0,0,0,0,1,0,0,0,0,1,0,0
33.63004608976919,0.2022082125880023,0,0,0,0,2,0,1,0,0,0,0,0,0,1,0,0,0,0,1,0,0
12.139604606411204,0.5765045002237793,0,0,0,0,1,0,0,1,0,0,0,0,0,1,0,0,1,0,0,0,0
15.558920271021382,0.3442295325463045,0,0,1,0,1,0,0,1,0,0,0,0,0,1,0,0,0,0,0,1,0
11.313708498984765,0.6209639184219704,0,0,0,0,1,0,0,1,0,0,0,0,0,1,0,0,1,0,0,0,0
22.27330240444825,0.3069240959531417,0,0,0,1,2,0,0,1,0,0,0,1,0,0,0,0,0,0,0,1,0
14.12409289122668,0.3120107202790099,0,0,0,1,1,0,0,1,0,0,0,0,0,0,0,1,0,0,1,0,0
12.083873551142451,0.5811422425639635,0,0,0,0,1,0,0,1,0,0,0,0,0,1,0,0,1,0,0,0,0
21.99727255820594,0.2174369575374214,0,0,0,1,2,0,0,1,0,0,0,1,0,0,0,0,0,0,1,0,0
22.102036105300343,0.3170982579893356,1,0,0,0,2,0,0,1,0,0,0,0,0,1,0,0,0,0,1,0,0
13.588230201170424,0.3746847234521267,0,0,0,0,2,0,0,1,0,0,0,0,0,1,0,0,0,0,0,1,0
24.26066775667974,0.2408507816337962,0,0,0,1,2,0,0,1,0,0,0,1,0,0,0,0,0,0,1,0,0
16.52059320968832,0.3588740336678739,0,0,0,1,1,0,0,1,0,0,0,0,0,1,0,0,0,0,1,0,0
14.778700890132392,0.3586834299763832,0,0,0,1,1,0,0,1,0,0,0,0,0,1,0,0,0,0,0,1,0
33.364202373202325,0.2136704687226265,0,0,0,0,1,0,0,1,0,0,0,0,0,1,0,0,0,0,1,0,0
18.607794065928392,0.290617800409177,0,0,0,1,2,0,0,1,0,0,0,0,0,0,0,1,0,0,1,0,0
15.953996364547663,0.4197233523835911,0,0,0,1,2,0,0,1,0,0,0,0,0,1,0,0,0,0,0,1,0
12.382245353731289,0.3230783972718636,0,0,0,0,2,0,0,1,0,0,0,0,0,1,0,0,0,0,1,0,0
21.736835096213984,0.1581134174386788,0,0,0,0,2,0,0,1,0,0,0,0,0,1,0,0,0,0,0,1,0
30.064763428305906,0.1549312427791684,0,0,0,1,1,0,0,1,0,0,0,0,0,1,0,0,0,0,1,0,0
13.520355024924454,0.2778124683839939,0,0,0,1,1,0,0,1,0,0,0,1,0,0,0,0,0,0,0,1,0
20.824024587000466,0.3352208168430703,1,0,0,0,1,0,0,1,0,0,0,0,0,1,0,0,0,0,1,0,0
13.944532978913276,0.394587168765027,1,0,0,1,2,0,0,1,0,0,0,0,0,1,0,0,0,0,0,1,0
18.71095935541521,0.2974422316652591,0,0,0,0,1,0,0,1,0,0,0,0,0,1,0,0,0,0,1,0,0
20.79543219074804,0.3141440949266875,1,0,0,1,2,0,0,1,0,0,0,0,0,1,0,0,0,0,0,1,0
13.24009063413087,0.3023945430886887,0,0,0,1,1,0,0,1,0,0,0,1,0,0,0,0,0,0,1,0,0
9.10054943396277,0.7536311635926081,0,0,0,0,1,0,0,1,0,0,0,0,0,1,0,0,0,0,1,0,0
17.867568385205633,0.3361590581835391,0,0,0,1,2,0,0,1,0,0,0,0,0,0,0,1,0,0,0,1,0
13.78985134075056,0.4938500076600053,0,0,0,1,2,0,0,1,0,0,0,0,0,0,0,1,0,0,0,1,0
19.94492416631359,0.3605583386718474,0,0,0,0,2,0,0,1,0,0,0,0,0,1,0,0,0,0,1,0,0
25.46212874054328,0.2090335934835422,0,0,0,0,3,0,1,0,0,0,0,0,0,1,0,0,0,0,1,0,0
19.743353311937668,0.3573545954656209,0,0,0,1,2,0,0,1,0,0,0,0,0,1,0,0,0,0,1,0,0
15.36391877093862,0.3585840174462097,0,0,0,0,1,0,0,1,0,0,0,0,0,1,0,0,0,0,0,1,0
11.011357772772625,0.3982989250681095,0,0,0,0,1,0,0,1,0,0,0,0,0,1,0,0,1,0,0,0,0
19.0633155563244,0.0959066181119457,0,0,0,1,1,0,0,1,0,0,0,0,0,0,0,1,0,0,1,0,0
21.128653530218145,0.2969238150488252,0,0,0,1,1,0,0,1,0,0,0,0,0,1,0,0,0,0,1,0,0
15.08409758653132,0.4238768467839238,0,0,0,0,4,0,0,1,0,0,0,0,0,1,0,0,1,0,0,0,0
21.10094784600919,0.2695628540336567,0,0,0,1,1,0,0,1,0,0,0,0,0,1,0,0,0,0,1,0,0
8.246211251235321,0.8203383935186874,0,0,0,0,0,0,0,1,0,0,0,0,0,1,0,0,0,0,0,1,0
59.91836112578514,0.1193556881847782,0,0,0,1,1,0,0,1,0,0,0,0,0,1,0,0,0,0,1,0,0
19.872845795205077,0.2588237976194934,0,0,0,0,2,0,0,1,0,0,0,0,0,1,0,0,0,0,1,0,0
22.86153975566825,0.2759429659750683,0,0,0,1,2,0,0,1,0,0,0,0,0,1,0,0,0,0,0,1,0
26.82629307228264,0.2496485731304319,0,0,0,1,0,0,0,1,0,0,0,0,0,0,0,1,0,0,0,1,0
17.9627392120467,0.2963403906127425,0,0,0,1,1,0,0,1,0,0,0,0,0,1,0,0,0,0,0,1,0
16.98528775146303,0.2969457817753212,0,0,0,1,2,0,0,1,0,0,0,1,0,0,0,0,0,0,1,0,0
13.57645019878171,0.3900634865987802,0,0,0,1,1,0,0,1,0,0,0,0,0,0,0,1,0,0,1,0,0
8.621484790916233,0.5669577039118493,0,0,0,1,3,0,0,1,0,0,0,1,0,0,0,0,0,0,0,1,0
15.230561381643165,0.3647041477913577,0,0,1,0,1,0,0,1,0,0,0,0,0,0,0,1,0,0,0,1,0
13.57939615741437,0.3825526388563182,0,0,0,1,2,0,0,1,0,0,0,0,0,0,0,1,0,0,1,0,0
13.7800580550301,0.4280131350691225,0,0,0,0,2,0,0,1,0,0,0,0,0,1,0,0,0,0,0,1,0
13.528118864054974,0.3704756061723017,1,0,0,0,2,0,0,1,0,0,0,0,0,1,0,0,0,0,0,1,0
17.608236708995022,0.3992806474436449,0,0,0,1,1,0,0,1,0,0,0,0,0,1,0,0,0,0,0,1,0
24.12301805330336,0.1982192841183436,0,0,0,0,2,0,0,1,0,0,0,1,0,0,0,0,0,0,1,0,0
14.001428498549709,0.3742522355788554,0,0,0,0,2,0,0,1,0,0,0,0,0,1,0,0,0,0,1,0,0
17.426990560621757,0.3637979991094388,0,0,0,0,2,0,0,1,0,0,0,0,0,1,0,0,0,0,1,0,0
12.432618388738558,0.5528432300348078,0,0,0,1,2,0,0,1,0,0,0,1,0,0,0,0,0,0,1,0,0
22.701982292302144,0.3196619478553505,1,0,0,0,1,0,0,1,0,0,0,0,0,1,0,0,0,0,0,1,0
10.6,0.5873288655320753,0,0,0,0,1,0,0,1,0,0,0,0,0,1,0,0,1,0,0,0,0
26.12221276997796,0.22690286525731,0,0,0,0,2,0,0,1,0,0,0,0,0,1,0,0,0,0,1,0,0
18.2877007849538,0.3048406280096544,0,0,0,0,1,0,0,1,0,0,0,0,0,1,0,0,0,0,1,0,0
15.109268678529745,0.3221882869140989,0,0,0,1,1,0,0,1,0,0,0,0,0,1,0,0,0,0,0,1,0
19.90602923739439,0.2775292278208919,0,0,0,1,2,0,0,1,0,0,0,0,0,1,0,0,0,0,0,1,0
15.768639763784323,0.3353297108434288,0,0,0,1,1,0,0,1,0,0,0,0,0,1,0,0,0,0,1,0,0
9.580187889597989,0.2115731702712982,0,0,0,0,1,0,0,1,0,0,0,0,0,1,0,0,0,0,1,0,0
24.835659846277483,0.2844295553453625,0,0,0,1,2,0,0,1,0,0,0,0,0,1,0,0,0,0,1,0,0
12.976902558006673,0.4938618057691528,0,0,0,0,2,0,0,1,0,0,0,0,0,1,0,0,0,0,1,0,0
15.579473675320356,0.2379932764608871,0,0,0,0,2,0,0,1,0,0,0,0,0,1,0,0,0,0,1,0,0
16.249615380063616,0.3931061100028722,0,0,0,0,2,0,0,1,0,0,0,0,0,1,0,0,0,0,0,1,0
21.308449028495712,0.2015491864972547,0,0,0,0,2,0,0,1,0,0,0,1,0,0,0,0,0,0,1,0,0
11.112605455067683,0.4991542551681159,0,0,0,1,2,0,0,1,0,0,0,0,0,1,0,0,0,0,0,1,0
33.01938824387878,0.2193664579764297,0,0,0,0,4,0,1,0,0,0,0,0,0,1,0,0,0,0,1,0,0
17.060187572239638,0.3442682037581268,0,0,0,1,1,0,0,1,0,0,0,1,0,0,0,0,0,0,1,0,0
22.35732542143625,0.3237557295744593,0,0,0,1,1,0,0,1,0,0,0,0,0,1,0,0,0,0,0,1,0
17.67059704707229,0.3735011599502246,0,0,0,0,1,0,0,1,0,0,0,0,0,1,0,0,0,0,1,0,0
20.665188119153434,0.2742743087048049,0,0,0,0,1,0,0,1,0,0,0,1,0,0,0,0,0,0,1,0,0
15.543809056984712,0.177725389064615,0,0,1,0,0,0,0,1,0,0,0,0,0,1,0,0,0,0,1,0,0
13.238202294873725,0.2565304104345232,0,0,0,1,1,0,0,1,0,0,0,1,0,0,0,0,0,0,0,1,0
13.403357788255894,0.3308058374922211,0,0,1,0,1,0,0,1,0,0,0,0,0,1,0,0,0,0,0,1,0
16.76305461424021,0.4125455388414911,0,0,0,0,1,0,0,1,0,0,0,0,0,1,0,0,0,0,1,0,0
12.8413394939936,0.5290314397842835,0,0,0,0,3,0,0,1,0,0,0,0,0,1,0,0,1,0,0,0,0
11.021796586763882,0.6315089535395549,0,0,0,0,2,0,0,1,0,0,0,0,0,1,0,0,1,0,0,0,0
14.401388821915758,0.4062116271377098,1,0,0,1,2,0,0,1,0,0,0,0,0,1,0,0,0,0,0,1,0
21.04115015867716,0.2148666257680013,0,0,0,0,1,0,0,1,0,0,0,0,0,1,0,0,0,0,1,0,0
16.810710871346277,0.4285049402877438,0,0,0,1,1,0,0,1,0,0,0,0,0,1,0,0,0,0,1,0,0
17.836199146679203,0.3200894368282405,0,0,0,0,1,0,0,1,0,0,0,0,0,1,0,0,0,0,1,0,0
19.97523466695698,0.234771330505852,0,0,0,0,1,0,0,1,0,0,0,1,0,0,0,0,0,0,1,0,0
29.337348210088795,0.222600340072137,0,0,0,0,4,0,1,0,0,0,0,0,0,1,0,0,0,0,1,0,0
8.280700453464064,0.6389759157481515,1,0,0,1,3,0,0,1,0,0,0,0,0,0,0,1,0,0,1,0,0
16.2265215003093,0.2876369633042189,0,0,0,0,1,0,0,1,0,0,0,0,0,1,0,0,0,0,1,0,0
16.521501142450713,0.4331984704857367,1,0,0,1,2,0,0,1,0,0,0,1,0,0,0,0,0,0,0,1,0
21.29530464679949,0.1485917986487413,0,0,0,1,1,0,0,1,0,0,0,1,0,0,0,0,0,0,1,0,0
22.483104767802864,0.3135798618634725,0,0,0,0,1,0,0,1,0,0,0,0,0,1,0,0,0,0,1,0,0
23.535929979501557,0.3081008257998825,0,0,0,1,1,0,0,1,0,0,0,1,0,0,0,0,0,0,1,0,0
15.492256130079952,0.2407312672225965,0,0,0,1,2,0,0,1,0,0,0,0,0,1,0,0,0,0,0,1,0
20.586646157157315,0.2614124087093594,0,0,0,1,1,0,0,1,0,0,0,0,0,1,0,0,0,0,1,0,0
16.86208765248242,0.1947292934105532,0,0,0,0,2,0,0,1,0,0,0,0,0,1,0,0,0,0,1,0,0
26.534694269955324,0.2619682252222363,0,0,0,0,5,0,1,0,0,0,0,0,0,1,0,0,0,0,1,0,0
22.50155550178698,0.1677016525641702,0,0,0,1,1,0,0,1,0,0,0,0,0,1,0,0,0,0,0,1,0
22.982819670353763,0.2585486917857501,0,0,0,1,2,0,0,1,0,0,0,1,0,0,0,0,0,0,0,1,0
16.780047675736807,0.3506470913604509,0,0,1,0,1,0,0,1,0,0,0,1,0,0,0,0,0,0,0,1,0
11.552056094046634,0.4339330323556571,1,0,0,0,2,0,0,1,0,0,0,0,0,1,0,0,0,0,1,0,0
16.37101096450674,0.3949606644993468,0,0,0,1,1,0,0,1,0,0,0,0,0,1,0,0,0,0,1,0,0
12.842507543311,0.3813153088546059,0,0,0,1,1,0,0,1,0,0,0,1,0,0,0,0,0,0,0,1,0
53.87884557040917,0.1192555675554597,0,0,0,1,1,0,0,1,0,0,0,0,0,1,0,0,0,0,1,0,0
18.797074240423694,0.2569043253859737,0,0,0,0,1,0,0,1,0,0,0,0,0,1,0,0,0,0,1,0,0
18.006943105369103,0.3205742379159764,0,0,0,0,2,0,0,1,0,0,0,0,0,1,0,0,0,0,1,0,0
19.956452590578323,0.3618284101907987,0,0,0,0,2,0,0,1,0,0,0,0,0,1,0,0,0,0,1,0,0
22.912005586591498,0.3049780263564946,0,0,0,0,1,0,0,1,0,0,0,0,0,1,0,0,0,0,1,0,0
27.26609616355081,0.2643858286763185,0,0,0,1,4,0,0,1,0,0,0,1,0,0,0,0,0,0,1,0,0
20.308126452235808,0.3370173956739036,0,0,0,1,1,0,0,1,0,0,0,1,0,0,0,0,0,0,1,0,0
10.042410069301097,0.4786882736386956,1,0,0,0,1,0,0,1,0,0,0,0,0,1,0,0,1,0,0,0,0
17.944637081869335,0.2328855669849386,0,0,0,0,1,0,0,1,0,0,0,0,0,1,0,0,0,0,0,1,0
12.256018929489302,0.5476932200415207,0,0,0,0,1,0,0,1,0,0,0,0,0,1,0,0,0,0,1,0,0
13.086252328302406,0.5390925773269687,0,0,0,0,1,0,0,1,0,0,0,0,0,1,0,0,0,0,0,1,0
14.308738588708652,0.3885279767932109,0,0,0,0,1,0,0,1,0,0,0,0,0,1,0,0,0,0,0,1,0
22.94384449040744,0.2527344723941521,0,0,0,0,3,0,0,1,0,0,0,0,0,1,0,0,0,0,1,0,0
17.753027910753698,0.340362996175284,0,0,0,0,1,0,0,1,0,0,0,0,0,1,0,0,0,0,1,0,0
22.7404925188528,0.3054635927617638,0,0,0,1,1,0,0,1,0,0,0,1,0,0,0,0,0,0,1,0,0
20.930838492521023,0.3365688017203102,0,0,0,0,2,0,0,1,0,0,0,0,0,1,0,0,0,0,0,1,0
11.395174417269798,0.6134060743068431,0,0,0,1,3,0,0,1,0,0,0,1,0,0,0,0,0,0,0,1,0
22.261176967986216,0.2808264575336709,0,0,0,0,2,0,0,1,0,0,0,0,0,1,0,0,0,0,0,1,0
13.296616110875728,0.5206306239088423,0,0,0,1,1,0,0,1,0,0,0,1,0,0,0,0,0,0,0,1,0
15.268922686293225,0.4170526126774632,0,0,0,0,2,0,0,1,0,0,0,0,0,1,0,0,0,0,1,0,0
18.606719216455115,0.3481248769017029,0,0,0,1,1,0,0,1,0,0,0,1,0,0,0,0,0,0,1,0,0
12.349089035228474,0.559466030119132,0,0,0,0,1,0,0,1,0,0,0,0,0,1,0,0,1,0,0,0,0
21.408409562599463,0.3385246577573588,1,0,0,0,2,0,0,1,0,0,0,0,0,1,0,0,0,0,1,0,0
13.2608446186508,0.3096280752511561,1,0,1,0,1,0,0,1,0,0,0,0,0,1,0,0,0,0,0,1,0
26.45996976566678,0.2723312193711442,0,0,0,0,1,0,0,1,0,0,0,0,0,1,0,0,0,0,0,1,0
24.43644818708316,0.2516165336068226,0,0,0,0,2,0,0,1,0,0,0,0,0,1,0,0,0,0,1,0,0
21.470910553583888,0.3012631457505212,1,0,0,0,2,0,0,1,0,0,0,1,0,0,0,0,0,0,0,1,0
33.06055050963308,0.2201230468477645,0,0,0,0,3,0,1,0,0,0,0,0,0,1,0,0,0,0,1,0,0
24.20743687382041,0.1894556616739432,0,0,0,1,1,0,0,1,0,0,0,0,0,1,0,0,0,0,0,1,0
18.0,0.4011972476954352,0,0,0,0,1,0,0,1,0,0,0,1,0,0,0,0,0,1,0,0,0
18.601075237738275,0.2375196480594421,0,0,0,1,0,0,0,1,0,0,0,0,0,1,0,0,0,0,1,0,0
32.0624390837628,0.2268929126739583,0,0,0,0,3,0,1,0,0,0,0,0,0,1,0,0,0,0,1,0,0
29.068883707497267,0.1657093645498206,0,0,0,1,1,0,0,1,0,0,0,1,0,0,0,0,0,0,1,0,0
31.918803235710453,0.2150402670852303,0,0,0,0,4,0,1,0,0,0,0,0,0,1,0,0,0,0,1,0,0
30.548486050866742,0.1887221540923153,0,0,0,0,4,0,1,0,0,0,0,0,0,1,0,0,0,0,1,0,0
5.658621740318048,0.9927435302976988,0,0,0,1,1,0,0,1,0,1,0,0,0,0,0,0,0,0,0,1,0
22.226560687609773,0.2942807617286246,0,0,0,0,1,0,0,1,0,0,0,0,0,1,0,0,0,0,1,0,0
13.240090634130874,0.3023945430886885,0,0,0,0,1,0,0,1,0,0,0,0,0,1,0,0,0,0,0,1,0
22.78639945230488,0.2803943783535601,1,0,0,0,2,0,0,1,0,0,0,0,0,1,0,0,0,0,1,0,0
20.756203891848823,0.3357556640885208,0,0,0,0,1,0,0,1,0,0,0,0,0,1,0,0,0,0,1,0,0
20.808652046684813,0.206360021049244,0,0,0,0,3,0,0,1,0,0,0,0,0,1,0,0,0,0,1,0,0
17.93376703316958,0.1854605438488953,0,0,0,0,1,0,0,1,0,0,0,0,0,1,0,0,0,0,1,0,0
21.09502310972898,0.3209242928669008,0,0,0,1,1,0,0,1,0,0,0,0,0,1,0,0,0,0,1,0,0
16.086329600005097,0.3802893781108182,0,0,0,1,1,0,0,1,0,0,0,0,0,1,0,0,0,0,0,1,0
22.56102834535696,0.3141745390407178,0,0,0,0,1,0,0,1,0,0,0,1,0,0,0,0,0,0,1,0,0
21.54065922853801,0.1292344730510747,0,0,0,0,1,0,0,1,0,0,0,0,0,1,0,0,0,0,1,0,0
14.317821063276352,0.2253296297373543,0,0,0,0,1,0,0,1,0,0,0,0,0,1,0,0,0,0,0,1,0
14.111342955225776,0.3990713025411887,0,0,0,0,1,0,0,1,0,0,0,0,0,0,0,1,0,0,1,0,0
24.568679248181013,0.2767207318483439,0,0,0,0,4,0,1,0,0,0,0,0,0,1,0,0,0,0,1,0,0
5.913543776789006,0.1348922428625215,0,0,0,1,1,0,0,1,0,0,0,0,0,1,0,0,0,0,1,0,0
14.07195793057953,0.3392273361378828,0,0,1,0,1,0,0,1,0,0,0,0,0,1,0,0,0,0,0,1,0
17.0,0.379123823171158,0,0,0,1,2,0,0,1,0,0,0,0,0,1,0,0,0,0,1,0,0
14.071602609511118,0.3740563276110178,1,0,0,0,2,0,0,1,0,0,0,0,0,1,0,0,0,0,1,0,0
15.264337522473747,0.4089005192448115,0,0,0,1,1,0,0,1,0,0,0,1,0,0,0,0,0,0,0,1,0
12.425779653607258,0.5719510290929699,0,0,1,0,1,0,0,1,0,0,0,0,0,1,0,0,1,0,0,0,0
36.27147639675011,0.1882995029847532,0,0,0,0,1,0,1,0,0,0,0,0,0,1,0,0,0,0,1,0,0
14.041723540933283,0.330022879383668,0,0,0,1,2,0,0,1,0,0,0,0,0,1,0,0,0,0,0,1,0
16.031219541881402,0.3028909455403868,0,0,0,1,1,0,0,1,0,0,0,0,0,1,0,0,0,0,1,0,0
19.720294115453758,0.3112043342349096,0,0,0,1,1,0,0,1,0,0,0,0,0,1,0,0,0,0,1,0,0
13.99428454762872,0.4487073253388839,0,0,0,0,2,0,0,1,0,0,0,0,0,1,0,0,0,0,1,0,0
13.482581355215329,0.2834212531480522,0,0,0,1,1,0,0,1,0,0,0,0,0,0,0,1,0,0,0,1,0
22.5523834660552,0.2942253736643808,0,0,0,0,1,0,0,1,0,0,0,0,0,1,0,0,0,0,0,1,0
14.71767644704829,0.4379461565760496,0,0,0,1,2,0,0,1,0,0,0,0,0,1,0,0,0,0,0,1,0
29.88143236192001,0.2281644848114566,0,0,0,0,3,0,1,0,0,0,0,0,0,1,0,0,0,0,1,0,0
28.00660636349932,0.2231393091391396,0,0,0,0,4,0,1,0,0,0,0,0,0,1,0,0,0,0,1,0,0
13.484806264830056,0.445910504519698,0,0,0,1,1,0,0,1,0,0,0,0,0,0,0,1,0,0,1,0,0
21.912781658201222,0.1844947233357843,0,0,0,0,1,0,0,1,0,0,0,0,0,1,0,0,0,0,1,0,0
28.44011251735829,0.2068148006999385,0,0,0,0,5,0,1,0,0,0,0,0,0,1,0,0,0,0,1,0,0
7.387827826905555,0.7919064590731809,0,0,0,1,1,0,0,1,0,0,0,0,0,1,0,0,0,0,1,0,1
20.68477701112584,0.3316739502687228,0,0,0,1,3,0,0,1,0,0,0,0,0,0,0,1,0,0,1,0,1
13.986421987055875,0.1943497081721821,1,0,0,0,0,0,0,1,0,0,0,0,0,1,0,0,0,0,1,0,1
6.661080993352358,0.7446562356440513,0,0,0,1,0,0,0,1,0,0,0,0,0,0,0,1,0,0,0,1,1
7.026378868236473,0.9159397041221016,0,0,0,1,0,0,0,1,0,0,0,0,0,1,0,0,0,0,1,0,1
20.890428430264414,0.2876955271874623,0,0,0,1,4,0,0,1,0,0,0,1,0,0,0,0,0,0,0,1,1
12.00041665943312,0.5920397733973555,0,0,0,0,0,0,0,0,1,0,0,0,0,1,0,0,0,0,1,0,1
7.942921376924233,0.8545970994207567,0,0,0,1,1,0,0,1,0,0,0,0,0,0,0,1,0,0,1,0,1
7.725283166331188,0.8501595174378483,0,0,0,0,1,0,0,1,0,0,0,0,0,1,0,0,1,0,0,0,1
7.710382610480492,0.5995337916712336,0,0,0,1,0,0,0,1,0,0,0,0,0,1,0,0,0,0,1,0,1
11.7038455218787,0.6060125710250879,0,0,0,0,0,0,0,0,1,0,0,0,0,1,0,0,0,0,1,0,1
11.800423721205943,0.6014835151266787,0,0,0,0,0,0,0,0,1,0,0,0,0,1,0,0,0,0,1,0,1
10.768936809174804,0.1347675201710946,0,0,1,0,0,0,0,1,0,0,0,0,0,1,0,0,0,0,0,1,1
12.184005909387931,0.5651481004866289,1,0,1,0,1,0,0,1,0,0,0,0,0,1,0,0,0,0,1,0,1
9.900505037623088,0.7081683187829204,0,0,0,0,2,0,0,1,0,0,0,0,0,1,0,0,1,0,0,0,1
11.699999999999998,0.5694256844829297,0,0,0,1,1,0,0,1,0,0,0,0,0,0,0,1,0,0,1,0,1
8.324061508662705,0.5978590915825053,1,0,0,0,1,0,0,1,0,0,0,1,0,0,0,0,0,0,1,0,1
7.641989269817114,0.8906121342500772,0,0,0,0,1,0,0,1,0,0,0,0,0,1,0,0,1,0,0,0,1
14.733974345029928,0.4860007026840595,0,0,0,0,1,0,0,1,0,0,0,0,0,1,0,0,0,0,1,0,1
7.1175838597096925,0.9487458008163314,0,0,0,1,1,0,0,1,0,0,0,0,0,0,0,1,0,0,0,1,1
8.918520056601322,0.7057326019127748,0,0,1,0,1,0,0,1,0,0,0,0,0,1,0,0,0,0,1,0,1
3.764306044943737,1.541418017893751,0,0,0,1,2,0,0,1,0,0,0,0,0,0,0,1,0,0,0,1,1
11.475626344561762,0.6102147144365894,0,0,1,0,1,0,0,1,0,0,0,0,0,1,0,0,0,0,1,0,1
4.468780594300869,1.3125361699449851,0,0,0,0,1,0,0,1,0,0,0,0,0,1,0,0,0,0,0,1,1
5.295280917949493,1.2035217983247484,0,0,0,1,0,0,0,1,0,0,0,0,0,1,0,0,0,0,1,0,1
12.656223765404908,0.5131642433237588,0,0,1,0,1,0,0,1,0,0,0,0,1,0,0,0,0,0,1,0,1
13.300375934536586,0.3868709774285018,1,0,0,1,1,0,0,1,0,0,0,0,0,1,0,0,0,0,1,0,1
7.382411530116703,0.8732440536319552,1,0,0,1,1,0,0,1,0,0,0,0,0,1,0,0,0,0,0,1,1
6.760177512462231,0.9883419593236183,0,0,0,0,1,0,0,1,0,0,0,0,0,1,0,0,0,0,1,0,1
16.32482771731451,0.3468924911178578,0,0,0,1,2,0,0,1,0,0,0,0,0,0,0,1,0,0,1,0,1
20.385534086699813,0.2045889878554252,0,0,1,0,1,0,0,1,0,0,0,0,0,1,0,0,0,0,1,0,1
10.387011119662866,0.3145507928604593,0,0,1,0,0,0,0,1,0,0,0,0,0,1,0,0,0,0,1,0,1
6.198386886924699,1.045639553686169,0,0,1,0,1,0,0,1,0,0,0,0,0,1,0,0,0,0,0,1,1
18.850198937942277,0.3048805487130966,1,0,0,0,1,0,0,1,0,0,0,0,0,1,0,0,0,0,1,0,1
7.247068372797372,0.8087050246837282,0,0,0,1,0,0,0,1,0,0,0,0,0,1,0,0,0,0,1,0,1
7.158910531638177,0.8987472676730776,0,0,0,1,1,0,0,1,0,0,0,0,0,1,0,0,0,0,1,0,1
8.363013810822027,0.6841638908992077,0,0,0,1,0,0,0,1,0,0,0,1,0,0,0,0,0,0,1,0,1
11.684605256490268,0.4773056135419581,0,0,1,0,1,0,0,1,0,0,0,0,0,1,0,0,0,0,0,1,1
6.171709649683792,0.9482388569880892,0,0,0,1,0,0,0,1,0,0,0,0,0,1,0,0,0,0,1,0,1
6.5604877867426925,0.779214046890494,0,0,0,0,0,0,0,1,0,0,0,0,0,1,0,0,1,0,0,0,1
10.92016483392078,0.5416089644504891,0,0,0,1,0,0,0,1,0,0,0,0,0,1,0,0,0,0,1,0,1
11.049434374663711,0.306543419776803,0,0,1,0,1,0,0,1,0,0,0,0,0,1,0,0,0,0,1,0,1
13.635981812836215,0.4190641760420242,0,0,0,1,1,0,0,1,0,0,0,0,0,1,0,0,0,0,1,0,1
5.491812087098388,1.1088512809344475,0,0,0,1,0,0,0,1,0,0,0,0,0,1,0,0,0,0,1,0,1
11.950313803411191,0.443550214352474,0,0,0,1,1,0,0,1,0,1,0,0,0,0,0,0,0,0,0,1,1
7.924645102463576,0.8574943130184234,0,0,0,1,1,0,0,1,0,0,0,0,0,0,1,0,0,0,0,1,1
13.535139452550908,0.4498048033396184,0,0,0,1,1,0,0,1,0,0,0,0,0,1,0,0,0,0,1,0,1
7.502666192761077,0.9075506359027954,1,0,0,1,1,0,0,1,0,0,0,0,0,1,0,0,0,0,1,0,1
10.111874208078344,0.5353676162382831,0,0,0,1,1,0,0,1,0,0,0,1,0,0,0,0,0,0,1,0,1
12.4310096130604,0.5454233853547201,0,0,0,1,0,0,0,1,0,0,0,0,0,1,0,0,0,0,1,0,1
11.928118040998752,0.507890002091327,0,0,0,1,0,0,0,1,0,0,0,0,0,1,0,0,0,0,1,0,1
13.64734406395618,0.4701648914708015,0,0,0,1,0,0,0,1,0,0,0,0,0,1,0,0,0,0,1,0,1
6.708203932499369,0.9470432393855712,0,0,0,0,1,0,0,1,0,0,0,0,0,0,0,1,0,0,0,1,1
4.876474136094646,0.7417885162496403,0,0,0,1,0,0,0,1,0,0,0,0,0,1,0,0,0,0,0,1,1
7.484650960465696,0.8698462235677045,0,0,0,0,1,0,0,1,0,0,0,0,0,1,0,0,0,0,1,0,1
7.21248916810279,0.9179417589132272,0,0,0,0,0,0,0,1,0,0,0,0,0,1,0,0,0,0,1,0,1
5.440588203494183,1.1046580382045574,0,0,0,1,0,0,0,1,0,0,0,0,0,1,0,0,0,0,1,0,1
8.937561188601727,0.5683093501561599,0,0,0,1,1,0,0,1,0,0,0,0,0,1,0,0,0,0,0,1,1
12.50319959050482,0.505214686919422,0,0,0,1,1,0,0,1,0,0,0,0,0,1,0,0,0,0,1,0,1
12.304470732217622,0.5743407631528319,0,0,0,1,2,0,0,1,0,0,0,0,0,0,0,1,0,0,1,0,1
10.292715870944852,0.410339104400127,0,0,1,0,0,0,0,1,0,0,0,0,0,1,0,0,0,0,1,0,1
18.785632808079686,0.3186401076530469,0,0,1,0,1,0,0,1,0,0,0,0,0,1,0,0,0,0,0,1,1
7.116881339463232,0.9282937147772266,0,0,0,1,0,0,0,1,0,0,0,0,0,1,0,0,0,0,1,0,1
7.951100552753693,0.8596083274551019,0,0,0,1,1,0,0,1,0,0,0,0,0,0,0,1,0,0,1,0,1
6.280127387243031,0.818278749300013,0,0,0,0,0,0,0,1,0,0,0,1,0,0,0,0,0,0,1,0,1
11.250777750893496,0.5602732590675827,0,0,0,1,1,0,0,1,0,0,0,0,0,0,0,1,0,0,1,0,1
11.805946880557315,0.6012227094657059,0,0,0,0,0,0,0,0,1,0,0,0,0,1,0,0,0,0,1,0,1
5.462160379068349,1.1064239599197718,0,0,0,1,0,0,0,1,0,0,0,0,0,1,0,0,0,0,1,0,1
13.61010803822693,0.4452226282133188,0,0,0,1,1,0,0,1,0,0,0,0,0,1,0,0,0,0,1,0,1
20.813333171152518,0.3315695626903289,0,0,0,1,2,0,0,1,0,0,0,0,0,0,0,0,0,0,1,0,1
7.158147318843254,0.8992838049060687,0,0,0,1,0,0,0,1,0,0,0,0,0,1,0,0,0,0,1,0,1
11.232175838413529,0.34819597004720515,0,0,1,0,1,0,0,1,0,0,0,0,0,1,0,0,0,0,1,0,1
13.224134829460272,0.5203909886988601,0,0,0,1,1,0,0,1,0,0,0,0,0,1,0,0,0,0,1,0,1
6.227093209663524,1.0421028388672258,0,0,0,0,1,0,0,1,0,0,0,0,0,1,0,0,0,0,0,1,1
7.760204359072701,0.8622706662115559,0,0,0,1,1,0,0,1,0,0,0,0,0,0,0,0,0,0,0,1,1
10.460190783730754,0.34789167035993473,0,0,0,0,0,0,0,1,0,0,0,0,0,1,0,0,0,0,0,1,1
11.966694025363665,0.48421192836665927,0,0,0,1,0,0,0,1,0,0,0,0,0,1,0,0,0,0,1,0,1
12.305842133635402,0.5558526622438593,0,0,0,0,0,0,0,0,0,0,0,0,0,1,0,0,0,0,1,0,1
11.578016880626516,0.5669404081988237,0,0,0,1,1,0,0,1,0,0,0,0,0,0,0,1,0,0,1,0,1
13.67024071321695,0.4215261864982868,0,0,0,1,1,0,0,1,0,0,0,0,0,1,0,0,0,0,1,0,1
7.23125650717423,0.8586551776153359,0,0,0,0,0,0,0,1,0,0,0,0,0,1,0,0,0,0,1,0,1
11.976357335392342,0.47828055497333594,0,0,0,1,0,0,0,1,0,0,0,0,0,1,0,0,0,0,1,0,1
8.094551417999709,0.6493509690964463,0,0,0,1,0,0,0,1,0,0,0,0,0,0,0,0,0,0,1,0,1
10.972074401886097,0.5622113593891651,0,0,0,1,1,0,0,1,0,0,0,0,0,0,0,1,0,0,1,0,1
6.81534345871431,0.9759462566695467,0,0,0,0,1,0,0,1,0,0,0,0,0,1,0,0,0,0,1,0,1
7.653046153280137,0.8852422345505049,0,0,0,0,1,0,0,1,0,0,0,0,0,1,0,0,1,0,0,0,1
14.239844646607832,0.3891745020474667,0,0,0,0,1,0,0,1,0,0,0,0,0,1,0,0,0,0,1,0,1
13.618624468177575,0.4649535771244388,0,0,0,1,0,0,0,1,0,0,0,0,0,1,0,0,0,0,1,0,1
6.783666438679557,0.9473570787898781,0,0,0,0,1,0,0,1,0,0,0,0,0,0,0,1,0,0,0,1,1
7.49337887343287,0.8981981482505806,0,0,0,1,1,0,0,1,0,0,0,0,0,1,0,0,0,0,1,0,1
12.457353216663142,0.5110210444678974,0,0,0,1,1,0,0,1,0,0,0,0,0,1,0,0,0,0,1,0,1
13.588910366388859,0.45435593629695276,0,0,0,1,1,0,0,1,0,0,0,0,0,1,0,0,0,0,1,0,1
11.592282183212001,0.5672310485626986,0,0,0,1,1,0,0,1,0,0,0,0,0,0,0,1,0,0,1,0,1
10.131719065362544,0.5383110592480591,0,0,0,1,1,0,0,1,0,0,0,0,0,0,0,0,0,0,1,0,1
20.8364043669528,0.331550828883565,0,0,0,1,2,0,0,1,0,0,0,0,0,0,0,0,0,0,1,0,1
8.297646723320508,0.7280793565462342,0,0,0,1,0,0,0,1,0,0,0,0,0,0,0,0,0,0,1,0,1
10.3546783471012,0.3473955197495081,0,0,1,0,0,0,0,1,0,0,0,0,0,1,0,0,0,0,1,0,1
7.288486238885173,0.8382713944062605,0,0,0,1,1,0,0,1,0,0,0,0,0,1,0,0,0,0,1,0,1
8.776865649775974,0.6141875172258837,0,0,0,1,1,0,0,1,0,0,0,0,0,0,0,0,0,0,0,1,1
7.507476593749351,0.7119301246124202,0,0,0,1,0,0,0,1,0,0,0,0,0,1,0,0,0,0,1,0,1
13.582663815341729,0.4521961741843597,0,0,0,1,1,0,0,1,0,0,0,0,0,1,0,0,0,0,1,0,1
13.866137347511152,0.22810451427033065,1,0,0,0,0,0,0,1,0,0,0,0,0,1,0,0,0,0,1,0,1
11.468312420766468,0.6050033804255533,0,0,1,0,1,0,0,1,0,0,0,0,0,1,0,0,0,0,1,0,1
7.661699569078975,0.8810396059297138,0,0,0,0,1,0,0,1,0,0,0,0,0,1,0,0,1,0,0,0,1
8.319202955733683,0.7135972674674129,0,0,0,1,0,0,0,1,0,0,0,0,0,0,0,0,0,0,1,0,1
8.090048802997895,0.7949069044448765,0,0,0,1,0,0,0,1,0,0,0,0,0,0,0,0,0,0,1,0,1
12.478315073829854,0.5036532844172603,0,0,0,1,1,0,0,1,0,0,0,0,0,1,0,0,0,0,1,0,1
13.642477866620684,0.4199169750661204,0,0,0,1,1,0,0,1,0,0,0,0,0,1,0,0,0,0,1,0,1
7.197864790020727,0.8997448619513418,0,0,0,1,1,0,0,1,0,0,0,0,0,1,0,0,0,0,1,0,1
6.706929918409984,0.7930363151593923,0,0,0,0,0,0,0,1,0,0,0,0,0,1,0,0,1,0,0,0,1
5.441372161484634,1.1047222138568644,0,0,0,1,0,0,0,1,0,0,0,0,0,1,0,0,0,0,1,0,1
4.321546616228244,1.1407717452147692,0,0,0,1,0,0,0,1,0,0,0,0,0,0,0,0,0,0,0,1,1
10.470149323538218,0.38740348904012734,0,0,0,0,0,0,0,1,0,0,0,0,0,0,0,0,0,0,0,1,1
7.427615496379626,0.913691648031077,0,0,0,1,1,0,0,1,0,0,0,0,0,0,0,0,0,0,0,1,1
13.994511250596272,0.2082554552446338,1,0,0,0,0,0,0,1,0,0,0,0,0,1,0,0,0,0,1,0,1
10.3052383805353,0.3976183144746936,0,0,1,0,0,0,0,1,0,0,0,0,0,1,0,0,0,0,1,0,1
10.288263064911904,0.46427497747691193,0,0,1,0,0,0,0,1,0,0,0,0,0,1,0,0,0,0,1,0,1
11.110462189462652,0.5352429651922833,0,0,0,1,0,0,0,1,0,0,0,0,0,1,0,0,0,0,1,0,1
7.809917595604263,0.7917073146675943,1,0,0,0,1,0,0,1,0,0,0,0,0,0,0,0,0,0,1,0,1
7.2375950148973764,0.8386316435381208,0,0,0,0,0,0,0,1,0,0,0,0,0,1,0,0,0,0,1,0,1
13.573183148942688,0.43820762246747513,0,0,0,1,1,0,0,1,0,0,0,0,0,1,0,0,0,0,1,0,1
16.623031917244738,0.32820406494005255,0,0,0,1,1,0,0,1,0,0,0,0,0,0,0,0,0,0,1,0,1
12.076027800250017,0.574971282365702,0,0,0,1,0,0,0,1,0,0,0,0,0,1,0,0,0,0,1,0,1
12.329028565768567,0.5491833567595303,0,0,1,0,1,0,0,1,0,0,0,0,0,0,0,0,0,0,1,0,1
14.502739735643203,0.3758261858847959,0,0,0,0,1,0,0,1,0,0,0,0,0,1,0,0,0,0,1,0,1
11.711184083070297,0.5656363536498866,0,0,0,1,1,0,0,1,0,0,0,0,0,0,0,0,0,0,1,0,1
4.058738387292171,1.445757757811836,0,0,0,0,1,0,0,1,0,0,0,0,0,0,0,0,0,0,0,1,1
13.65833678321473,0.46122311534591837,0,0,0,0,0,0,0,1,0,0,0,0,0,1,0,0,0,0,1,0,1
7.401193687022667,0.74255816040557,0,0,0,1,0,0,0,1,0,0,0,0,0,1,0,0,0,0,1,0,1
22.146337429016942,0.2932847529150225,0,0,0,1,1,0,0,1,0,0,0,0,0,1,0,0,0,0,1,0,1
11.37225766680053,0.5776430852319867,0,0,0,1,0,0,0,1,0,0,0,0,0,1,0,0,0,0,1,0,1
11.867934007068282,0.5342214137204675,0,0,0,0,0,0,0,0,0,0,0,0,0,1,0,0,0,0,1,0,1
7.472287640739566,0.859894116128148,0,0,0,0,1,0,0,1,0,0,0,0,0,1,0,0,0,0,1,0,1
7.265266419848213,0.8460983261577066,0,0,0,1,0,0,0,1,0,0,0,0,0,1,0,0,0,0,1,0,1
7.487406081083704,0.8921834453292373,0,0,0,1,1,0,0,1,0,0,0,0,0,1,0,0,0,0,1,0,1
5.440588760648476,1.162575851023278,0,0,0,0,1,0,0,1,0,0,0,0,0,1,0,0,0,0,0,1,1
6.752752056458254,0.9262804465169474,0,0,0,1,0,0,0,1,0,0,0,0,0,1,0,0,0,0,1,0,1
9.512564909585064,0.28926672810809934,0,0,0,0,1,0,0,1,0,0,0,0,0,1,0,0,0,0,0,1,1
7.357912691007611,0.8922429930239542,0,0,0,0,0,0,0,1,0,0,0,0,0,1,0,0,0,0,1,0,1
11.709011035529043,0.6057703331263761,0,0,0,0,0,0,0,0,1,0,0,0,0,1,0,0,0,0,1,0,1
12.488631197275305,0.531613584051134,0,0,1,0,1,0,0,1,0,0,0,0,0,0,0,0,0,0,1,0,1
6.725888783001851,0.9471167885323979,0,0,0,0,1,0,0,1,0,0,0,0,0,0,0,1,0,0,0,1,1
6.881353189941687,0.8431337264431339,0,0,0,1,0,0,0,1,0,0,0,0,0,0,0,1,0,0,0,1,1
8.292999675051002,0.6196587225729636,0,0,0,0,1,0,0,1,0,0,0,0,0,0,0,0,0,0,1,0,1
21.63731252684311,0.28686702257229085,0,0,0,1,1,0,0,1,0,0,0,0,0,1,0,0,0,0,1,0,1
5.409677290508577,1.125689117789106,0,0,0,1,0,0,0,1,0,0,0,0,0,1,0,0,0,0,1,0,1
5.488274007647676,1.1085616499090238,0,0,0,1,0,0,0,1,0,0,0,0,0,1,0,0,0,0,1,0,1
13.646709241866374,0.467309835494957,0,0,0,1,0,0,0,1,0,0,0,0,0,1,0,0,0,0,1,0,1
7.223885995182438,0.8323829329767112,0,0,0,1,0,0,0,1,0,0,0,0,0,1,0,0,0,0,1,0,1
13.659925411408764,0.44217772712317593,0,0,0,1,1,0,0,1,0,0,0,0,0,1,0,0,0,0,1,0,1
12.32291753537843,0.5498560863627655,0,0,1,0,1,0,0,1,0,0,0,0,0,0,0,0,0,0,1,0,1
6.221559117319339,1.042784657523734,0,0,0,0,1,0,0,1,0,0,0,0,0,1,0,0,0,0,0,1,1
6.486328258299434,1.0056566871243422,0,0,0,1,0,0,0,1,0,0,0,0,0,1,0,0,0,0,1,0,1
11.527942878300628,0.43999996985378637,0,0,0,1,1,0,0,1,0,0,0,0,0,0,0,1,0,0,1,0,1
9.540325401391948,0.5047477180682408,0,0,0,0,1,0,0,1,0,0,0,0,0,1,0,0,0,0,1,0,1
7.8063260328750985,0.8708722211161677,0,0,0,1,1,0,0,1,0,0,0,0,0,0,0,0,0,0,0,1,1
11.26820986569894,0.4624258420063698,0,0,1,0,1,0,0,1,0,0,0,0,0,1,0,0,0,0,1,0,1
6.301577534201494,1.036348769067327,0,0,0,1,0,0,0,1,0,0,0,0,0,1,0,0,0,0,1,0,1
12.524142705253059,0.5063026749584513,0,0,0,0,1,0,0,1,0,0,0,0,0,0,0,0,0,0,1,0,1
12.377697797510752,0.5367257903192839,0,0,0,1,0,0,0,1,0,0,0,0,0,1,0,0,0,0,1,0,1
13.626673428315215,0.4219017294123858,0,0,0,1,1,0,0,1,0,0,0,0,0,1,0,0,0,0,1,0,1
11.957441446926397,0.5706073242727435,0,0,1,0,1,0,0,1,0,0,0,0,0,0,0,0,0,0,1,0,1
9.286362478441612,0.6022023875638888,0,0,0,1,0,0,0,1,0,0,0,0,0,0,0,0,0,0,0,1,1
13.777175341190556,0.47845178884729134,0,0,0,1,0,0,0,1,0,0,0,0,0,1,0,0,0,0,1,0,1
8.147480706392464,0.656214586598032,0,0,0,1,0,0,0,1,0,0,0,0,0,0,0,0,0,0,1,0,1
8.346090911301845,0.6466686116478763,0,0,0,0,0,0,0,1,0,0,0,1,0,0,0,0,0,0,1,0,1
7.357369292986849,0.7950795078845799,0,0,0,1,0,0,0,1,0,0,0,0,0,1,0,0,0,0,1,0,1
6.706589978650073,0.8740893505966019,0,0,0,0,0,0,0,1,0,0,0,0,0,0,0,0,0,0,1,0,1
7.663564566240861,0.8801338491011454,0,0,0,0,1,0,0,1,0,0,0,0,0,1,0,0,1,0,0,0,1
12.150562962385107,0.4830881686232537,0,0,0,1,1,0,0,1,0,0,0,0,0,1,0,0,0,0,1,0,1
5.706427883583782,1.1352191899237791,0,0,0,1,0,0,0,1,0,0,0,0,0,1,0,0,0,0,1,0,1
10.282165411624172,0.5381345283668261,0,0,1,0,0,0,0,1,0,0,0,0,0,1,0,0,0,0,1,0,1
9.621085987340846,0.7242400084305997,0,0,0,0,2,0,0,1,0,0,0,0,0,1,0,0,1,0,0,0,1
13.488681923669928,0.4373507812684468,0,0,0,1,1,0,0,1,0,0,0,0,0,1,0,0,0,0,1,0,1
6.99246596862141,0.9202029209592135,0,0,0,1,0,0,0,1,0,0,0,0,0,1,0,0,0,0,1,0,1
12.175386595639418,0.5611368807914323,0,0,0,0,1,0,0,1,0,0,0,0,0,1,0,0,0,0,1,0,1
7.5604909196943835,0.8822175453671981,0,0,0,0,0,0,0,1,0,0,0,0,0,1,0,0,1,0,0,0,1
18.974383423257063,0.2967685375495371,0,0,0,0,1,0,0,1,0,0,0,0,0,1,0,0,0,0,1,0,1
6.827523838178521,0.9700249006173867,0,0,0,0,0,0,0,1,0,0,0,0,0,1,0,0,0,0,1,0,1
6.7762491939156115,0.9473262313691371,0,0,0,0,1,0,0,1,0,0,0,0,0,0,0,1,0,0,0,1,1
4.465843904103246,1.313490292531668,0,0,0,0,1,0,0,1,0,0,0,0,0,0,0,0,0,0,0,1,1
12.406459983431695,0.5233790028881941,0,0,0,0,1,0,0,1,0,0,0,0,0,1,0,0,0,0,1,0,1
7.0318521068771975,0.9152296978859633,0,0,0,1,0,0,0,1,0,0,0,0,0,1,0,0,0,0,1,0,1
6.627887387495851,0.7833192283446185,0,0,0,0,0,0,0,1,0,0,0,0,0,1,0,0,1,0,0,0,1
7.249223394699571,0.8565962396994994,0,0,0,1,1,0,0,1,0,0,0,0,0,1,0,0,0,0,1,0,1
6.751907723001462,0.9472249981459333,0,0,0,0,1,0,0,1,0,0,0,0,0,0,0,1,0,0,0,1,1
13.217793559863562,0.49674255188425165,0,0,0,1,0,0,0,1,0,0,0,0,0,1,0,0,0,0,1,0,1
7.175367670980128,0.9219610960876767,0,0,0,0,0,0,0,1,0,0,0,0,0,1,0,0,0,0,1,0,1
13.595927802653529,0.44608934221283725,0,0,0,1,1,0,0,1,0,0,0,0,0,1,0,0,0,0,1,0,1
10.09962793773124,0.2756860353262891,0,0,1,0,0,0,0,1,0,0,0,0,0,1,0,0,0,0,1,0,1
7.113956666027765,0.9278944831728875,0,0,0,1,0,0,0,1,0,0,0,0,0,1,0,0,0,0,1,0,1
7.296897729707131,0.8343455639883408,0,0,0,1,1,0,0,1,0,0,0,0,0,1,0,0,0,0,1,0,1
6.410200637461518,0.8643586757665644,0,0,0,0,0,0,0,1,0,0,0,0,0,0,0,0,0,0,1,0,1
7.4524972820467275,0.7901729186893126,0,0,0,1,1,0,0,1,0,0,0,0,0,1,0,0,0,0,1,0,1
14.256388068823906,0.415416896756936,0,0,0,0,1,0,0,1,0,0,0,0,0,1,0,0,0,0,1,0,1
6.704395294069865,0.930685623879512,0,0,0,0,0,0,0,1,0,0,0,0,0,0,0,1,0,0,0,1,1
8.293199578826377,0.6195184272964113,0,0,0,0,1,0,0,1,0,0,0,0,0,0,0,0,0,0,1,0,1
11.924701825593507,0.5188468279830647,0,0,0,0,0,0,0,0,0,0,0,0,0,1,0,0,0,0,1,0,1
12.005020545711021,0.5666961062142847,0,0,1,0,1,0,0,1,0,0,0,0,0,0,0,0,0,0,1,0,1
11.740813316861187,0.5898386098740269,0,0,0,0,0,0,0,0,0,0,0,0,0,1,0,0,0,0,1,0,1
11.766951065081042,0.5916808388624906,0,0,1,0,1,0,0,1,0,0,0,0,0,1,0,0,0,0,1,0,1
11.350683753190108,0.5623087375782396,0,0,0,1,1,0,0,1,0,0,0,0,0,0,0,1,0,0,1,0,1
12.491607572242623,0.5066827943638887,0,0,0,1,1,0,0,1,0,0,0,0,0,1,0,0,0,0,1,0,1
10.314298085832569,0.5431341486681103,0,0,1,0,0,0,0,1,0,0,0,0,0,1,0,0,0,0,1,0,1
11.8032652285985,0.5702653557777912,0,0,0,1,1,0,0,1,0,0,0,0,0,0,0,1,0,0,1,0,1
6.704805276413894,0.8738557889502969,0,0,0,0,0,0,0,1,0,0,0,0,0,0,0,0,0,0,1,0,1
11.817515876469017,0.5889558251009023,0,0,0,0,0,0,0,0,0,0,0,0,0,1,0,0,0,0,1,0,1
13.92626695156801,0.4879680387156738,0,0,0,1,0,0,0,1,0,0,0,0,0,1,0,0,0,0,1,0,1
11.908643505511678,0.5164104015512376,0,0,0,0,0,0,0,0,0,0,0,0,0,1,0,0,0,0,1,0,1
11.839861289270505,0.5481725044420911,0,0,0,1,0,0,0,1,0,0,0,0,0,1,0,0,0,0,1,0,1
7.6734619143662774,0.8753270907679337,0,0,0,0,1,0,0,1,0,0,0,0,0,1,0,0,1,0,0,0,1
6.860435915517736,0.965814051487699,0,0,0,0,1,0,0,1,0,0,0,0,0,1,0,0,0,0,1,0,1
10.163244704817116,0.5429870275229814,0,0,0,1,1,0,0,1,0,0,0,0,0,0,0,0,0,0,1,0,1
6.611206386209849,0.7844382237063562,0,0,0,0,0,0,0,1,0,0,0,0,0,1,0,0,1,0,0,0,1
13.895321079856693,0.2684536580492873,0,0,0,0,0,0,0,1,0,0,0,0,0,1,0,0,0,0,1,0,1
6.746180733820139,0.8092624954822177,0,0,0,1,0,0,0,1,0,0,0,0,0,0,0,0,0,0,0,1,1
14.8539402135532,0.4752447927809048,0,0,0,0,1,0,0,1,0,0,0,0,0,1,0,0,0,0,1,0,1
7.50872998587683,0.8666215172233267,0,0,0,0,1,0,0,1,0,0,0,0,0,1,0,0,0,0,1,0,1
6.0301671061654325,0.9816754984132613,0,0,0,1,0,0,0,1,0,0,0,0,0,1,0,0,0,0,1,0,1
22.161065183467187,0.2924063835427291,0,0,0,1,1,0,0,1,0,0,0,0,0,1,0,0,0,0,1,0,1
15.49295653161354,0.37961070096698996,0,0,0,0,1,0,0,1,0,0,0,0,0,1,0,0,0,0,1,0,1
20.846428504766063,0.3315426892854968,0,0,0,1,2,0,0,1,0,0,0,0,0,0,0,0,0,0,1,0,1
7.425773989393203,0.8224519997824287,0,0,0,0,1,0,0,1,0,0,0,0,0,1,0,0,0,0,1,0,1
10.913764241282076,0.5626168476670085,0,0,0,1,1,0,0,1,0,0,0,0,0,0,0,1,0,0,1,0,1
6.703915646500507,0.9286255988434795,0,0,0,0,0,0,0,1,0,0,0,0,0,0,0,1,0,0,0,1,1
10.922207364691051,0.5974247656338664,0,0,0,1,1,0,0,1,0,0,0,0,0,0,0,1,0,0,1,0,1
6.867673051433511,0.8370177220861211,0,0,0,1,0,0,0,1,0,0,0,0,0,0,0,1,0,0,0,1,1
7.559802313740581,0.8454955633503094,0,0,0,0,1,0,0,1,0,0,0,0,0,0,0,0,0,0,1,0,1
7.400240944508457,0.9049275891333468,0,0,0,1,1,0,0,1,0,0,0,0,0,1,0,0,0,0,1,0,1
7.073766168155787,0.9224082922190388,0,0,0,1,0,0,0,1,0,0,0,0,0,1,0,0,0,0,1,0,1
11.945440063644169,0.4972576841865217,0,0,0,1,0,0,0,1,0,0,0,0,0,1,0,0,0,0,1,0,1
11.806864387646543,0.5609402821978865,0,0,0,0,0,0,0,0,0,0,0,0,0,1,0,0,0,0,1,0,1
6.700762815858505,0.9150845940061447,0,0,0,0,0,0,0,1,0,0,0,0,0,0,0,1,0,0,0,1,1
6.9648644576792575,0.9326705807879271,0,0,0,0,0,0,0,1,0,0,0,0,0,1,0,0,0,0,1,0,1
7.15013216731643,0.8998860255129347,0,0,0,1,0,0,0,1,0,0,0,0,0,1,0,0,0,0,1,0,1
9.208411606898187,0.5400405910998108,0,0,1,0,1,0,0,1,0,0,0,0,0,1,0,0,0,0,1,0,1
18.77911489703384,0.3126804829574018,0,0,0,0,1,0,0,1,0,0,0,0,0,1,0,0,0,0,0,1,1
11.83384507289045,0.5491358303724347,0,0,0,0,0,0,0,0,0,0,0,0,0,1,0,0,0,0,1,0,1
10.176387364839204,0.636210795738355,0,0,0,1,1,0,0,1,0,0,0,0,0,0,0,1,0,0,1,0,1
14.256493230027562,0.3807805863223212,0,0,0,0,1,0,0,1,0,0,0,0,0,1,0,0,0,0,1,0,1
7.690696717330981,0.8669568150413369,0,0,0,0,1,0,0,1,0,0,0,0,0,1,0,0,1,0,0,0,1
7.204344782128612,0.9057983245764837,0,0,0,1,1,0,0,1,0,0,0,0,0,1,0,0,0,0,0,1,1
9.915717786224397,0.7064222649699181,0,0,0,0,1,0,0,1,0,0,0,0,0,1,0,0,1,0,0,0,1
10.093057727840764,0.5841373541732011,0,0,0,1,1,0,0,1,0,0,0,0,0,0,0,0,0,0,1,0,1
12.290044790969185,0.4918400876981517,0,0,0,1,1,0,0,1,0,0,0,0,0,1,0,0,0,0,1,0,1
8.137802121209292,0.654959513864749,0,0,0,1,0,0,0,1,0,0,0,0,0,0,0,0,0,0,1,0,1
11.844812720346221,0.5689486116446549,0,0,0,0,0,0,0,0,0,0,0,0,0,1,0,0,0,0,1,0,1
13.390580840228843,0.4629149972258462,0,0,0,1,1,0,0,1,0,0,0,0,0,1,0,0,0,0,1,0,1
10.712412039063137,0.5255482656417224,0,0,0,1,1,0,0,1,0,0,0,1,0,0,0,0,0,0,1,0,1
7.195273946366778,0.8996785120601521,0,0,0,1,1,0,0,1,0,0,0,0,0,1,0,0,0,0,1,0,1
4.823984245591588,0.8152713624961958,0,0,0,0,0,0,0,1,0,0,0,0,0,1,0,0,0,0,0,1,1
11.271801016758694,0.5188705173815097,0,0,0,1,0,0,0,1,0,0,0,0,0,1,0,0,0,0,1,0,1
13.64629543513944,0.4654487764871713,0,0,0,1,0,0,0,1,0,0,0,0,0,1,0,0,0,0,1,0,1
6.880725244873685,0.8428529899016455,0,0,0,1,0,0,0,1,0,0,0,0,0,0,0,1,0,0,0,1,1
6.700806682709295,0.9152729965263537,0,0,0,0,0,0,0,1,0,0,0,0,0,0,0,1,0,0,0,1,1
13.534956839103673,0.45000112144081916,0,0,0,1,1,0,0,1,0,0,0,0,0,1,0,0,0,0,1,0,1
